objectname,objectid,rating,numplays,weight,own,fortrade,want,wanttobuy,wanttoplay,prevowned,preordered,wishlist,wishlistpriority,wishlistcomment,comment,conditiontext,haspartslist,wantpartslist,collid,baverage,average,avgweight,rank,numowned,objecttype,originalname,minplayers,maxplayers,playingtime,maxplaytime,minplaytime,yearpublished,bggrecplayers,bggbestplayers,bggrecagerange,bgglanguagedependence,publisherid,imageid,year,language,other,itemtype,barcode,pricepaid,pp_currency,currvalue,cv_currency,acquisitiondate,acquiredfrom,quantity,privatecomment,invlocation,invdate,version_publishers,version_languages,version_yearpublished,version_nickname
"7 Wonders Duel","173346","0","0","0","1","0","0","0","0","0","0","0","3","","","","","","135745925","7.95383","8.07843","2.2273","24","183025","thing","7 Wonders Duel","2","2","30","30","30","2015","2","2","10+","No necessary in-game text","","","","","","standalone","","","","","","","","","","","","","","",""
"Adventure Games: Monochrome Inc.","267814","0","0","0","1","0","0","0","0","0","0","0","3","","","","","","117484857","5.95044","6.53114","1.9286","3467","5271","thing","Adventure Games: Monochrome Inc.","1","4","75","75","75","2019","1,2,3,4","2","14+","Extensive use of text - massive conversion needed to be playable","","","","","","standalone","","","","","","","","","","","","","","",""
"Adventure Games: The Dungeon","267813","0","0","0","1","0","0","0","0","0","0","0","3","","","","","","117484863","6.25047","6.91164","1.6579","2016","6350","thing","Adventure Games: The Dungeon","1","4","90","90","90","2019","1,2,3,4","2","10+","Extensive use of text - massive conversion needed to be playable","","","","","","standalone","","","","","","","","","","","","","","",""
"Adventure Games: The Grand Hotel Abaddon","295949","0","0","0","1","0","0","0","0","0","0","0","3","","","","","","117484862","5.90575","7.24437","1.7","3791","2602","thing","Adventure Games: The Grand Hotel Abaddon","1","4","270","270","270","2020","1,2,3,4","2","12+","Extensive use of text - massive conversion needed to be playable","","","","","","standalone","","","","","","","","","","","","","","",""
"Adventure Games: The Volcanic Island","284082","0","0","0","1","0","0","0","0","0","0","0","3","","","","","","117484860","5.58872","5.88225","2.05","9954","2805","thing","Adventure Games: The Volcanic Island","1","4","75","75","75","2019","1,2,3,4","2","10+","Unplayable in another language","","","","","","standalone","","","","","","","","","","","","","","",""
"Arcadia Quest","155068","0","0","0","1","0","0","0","0","0","0","0","3","","","","","","135744746","7.12657","7.58599","2.532","362","17091","thing","Arcadia Quest","2","4","60","60","60","2014","2,3,4","4","10+","Moderate in-game text - needs crib sheet or paste ups","","","","","","standalone","","","","","","","","","","","","","","",""
"Arkham Horror","15987","0","0","0","1","0","0","0","0","0","0","0","3","","","","","","135744817","7.01956","7.24053","3.5854","474","55645","thing","Arkham Horror","1","8","240","240","120","2005","1,2,3,4,5,6","4","14+","Extensive use of text - massive conversion needed to be playable","","","","","","standalone","","","","","","","","","","","","","","",""
"Azul","230802","0","0","0","1","0","0","0","0","0","0","0","3","","","","","","135745744","7.60734","7.71714","1.7749","96","181656","thing","Azul","2","4","45","45","30","2017","2,3,4","2","8+","No necessary in-game text","","","","","","standalone","","","","","","","","","","","","","","",""
"Azul: Queen's Garden","346965","0","0","0","1","0","0","0","0","0","0","0","3","","","","","","135745748","6.86085","7.4422","2.9207","666","13702","thing","Azul: Queen's Garden","2","4","60","60","45","2021","2,3,4","2","12+","No necessary in-game text","","","","","","standalone","","","","","","","","","","","","","","",""
"Azul: Stained Glass of Sintra","256226","0","0","0","1","0","0","0","0","0","0","0","3","","","","","","135745745","6.9936","7.28343","2.013","508","25110","thing","Azul: Stained Glass of Sintra","2","4","45","45","30","2018","2,3,4","3","8+","No necessary in-game text","","","","","","standalone","","","","","","","","","","","","","","",""
"Azul: Summer Pavilion","287954","0","0","0","1","0","0","0","0","0","0","0","3","","","","","","135745747","7.29898","7.5696","2.074","237","32918","thing","Azul: Summer Pavilion","2","4","45","45","30","2019","2,3,4","2,3","8+","No necessary in-game text","","","","","","standalone","","","","","","","","","","","","","","",""
"Beez","299592","0","0","0","1","0","0","0","0","0","0","0","3","","","","","","135744945","6.02739","6.67962","1.7966","3007","4884","thing","Beez","2","4","45","45","30","2020","2,3,4","3","8+","Some necessary text - easily memorized or small crib sheet","","","","","","standalone","","","","","","","","","","","","","","",""
"Bomb Busters","413246","0","0","0","1","0","0","0","0","0","0","0","3","","","","","","144209815","7.58282","8.0375","2.0031","105","24078","thing","Bomb Busters","2","5","30","30","30","2024","2,3,4,5","4","10+","Moderate in-game text - needs crib sheet or paste ups","","","","","","standalone","","","","","","","","","","","","","","",""
"Brass: Birmingham","224517","0","0","0","1","0","0","0","0","0","0","0","3","","","","","","144209818","8.39393","8.56562","3.8617","1","82828","thing","Brass: Birmingham","2","4","120","120","60","2018","2,3,4","3,4","14+","No necessary in-game text","","","","","","standalone","","","","","","","","","","","","","","",""
"Bravo!","285894","0","0","0","1","0","0","0","0","0","0","0","3","","","","","","135745176","6.20519","7.17407","1.8409","2200","5004","thing","Bravo!","1","6","20","20","20","2019","1,2,3,4,5,6","2","8+","No necessary in-game text","","","","","","standalone","","","","","","","","","","","","","","",""
"Break the Code","227466","0","0","0","1","0","0","0","0","0","0","0","3","","","","","","144209831","6.21114","7.05052","1.7143","2179","3498","thing","Break the Code","2","4","15","15","15","2017","2,3,4","2","12+","Moderate in-game text - needs crib sheet or paste ups","","","","","","standalone","","","","","","","","","","","","","","",""
"Carcassonne Big Box","364405","0","0","0","1","0","0","0","0","0","0","0","3","","","","","","135745987","6.33153","8.22632","2","0","4601","thing","Carcassonne Big Box 7","2","6","35","35","35","2022","2,3,4,5","2,3,4","8+","","","","","","","standalone","","","","","","","","","","","","Devir; Hans im Glück","Spanish","2022","Spanish edition"
"Carrera de Mente","4561","0","0","0","1","0","0","0","0","0","0","0","3","","","","","","135745615","5.49139","5.41835","1.1667","27392","216","thing","Carrera de Mente","2","20","90","90","90","1985","3,4,5,6","3,4","12+","Unplayable in another language","","","","","","standalone","","","","","","","","","","","","","","",""
"Cartographers","263918","0","0","0","1","0","0","0","0","0","0","0","3","","","","","","135745568","7.39183","7.55718","1.8882","179","61984","thing","Cartographers","1","100","45","45","30","2019","1,2,3,4,5,6,7,8","3,4","8+","Some necessary text - easily memorized or small crib sheet","","","","","","standalone","","","","","","","","","","","","","","",""
"Catan","13","0","0","0","1","0","0","0","0","0","0","0","3","","","","","","135744784","6.90469","7.0913","2.2828","615","238509","thing","Catan","3","4","120","120","60","1995","3,4","4","8+","Some necessary text - easily memorized or small crib sheet","","","","","","standalone","","","","","","","","","","","","","","",""
"Century: A New World","270970","0","0","0","1","0","0","0","0","0","0","0","3","","","","","","135744960","6.7217","7.27274","2.1101","867","12408","thing","Century: A New World","2","4","45","45","30","2019","2,3,4","3","8+","No necessary in-game text","","","","","","standalone","","","","","","","","","","","","","","",""
"Century: Eastern Wonders","242574","0","0","0","1","0","0","0","0","0","0","0","3","","","","","","135744959","6.70702","7.09895","2.1081","894","15787","thing","Century: Eastern Wonders","2","4","45","45","30","2018","2,3,4","4","8+","No necessary in-game text","","","","","","standalone","","","","","","","","","","","","","","",""
"Century: Spice Road","209685","0","0","0","1","0","0","0","0","0","0","0","3","","","","","","135744956","7.10483","7.29147","1.7994","383","35174","thing","Century: Spice Road","2","5","45","45","30","2017","2,3,4,5","3,4","8+","No necessary in-game text","","","","","","standalone","","","","","","","","","","","","","","",""
"El Cinéfilo","156023","0","0","0","1","0","0","0","0","0","0","0","3","","","","","","135744985","5.5313","6.3848","2","16235","275","thing","El Cinéfilo","2","20","60","60","60","2013","2,3","2,3","Up to 14","Extensive use of text - massive conversion needed to be playable","","","","","","standalone","","","","","","","","","","","","","","",""
"Clank!: A Deck-Building Adventure","201808","0","0","0","1","0","0","0","0","0","0","0","3","","","","","","144245781","7.59742","7.76298","2.2315","98","61911","thing","Clank!: A Deck-Building Adventure","2","4","60","60","30","2016","2,3,4","3","8+","Moderate in-game text - needs crib sheet or paste ups","","","","","","standalone","","","","","","","","","","","","","","",""
"Clank!: The Mummy's Curse","245377","0","0","0","1","0","0","0","0","0","0","0","3","","","","","","135744777","6.76507","7.86241","2.2647","0","11226","thing","Clank!: The Mummy's Curse","2","4","60","60","30","2018","2,3,4","3","10+","Extensive use of text - massive conversion needed to be playable","","","","","","expansion","","","","","","","","","","","","","","",""
"Coffee Rush","377061","0","0","0","1","0","0","0","0","0","0","0","3","","","","","","135745818","6.52132","7.10761","1.7872","1262","11410","thing","Coffee Rush","2","4","30","30","30","2023","2,3,4","3","8+","No necessary in-game text","","","","","","standalone","","","","","","","","","","","","","","",""
"Command of Nature","390422","0","0","0","1","0","0","0","0","0","0","0","3","","","","","","135745400","5.83305","6.95086","2.3793","4416","4646","thing","Command of Nature","2","4","60","60","30","2024","2","2","10+","Extensive use of text - massive conversion needed to be playable","","","","","","standalone","","","","","","","","","","","","","","",""
"Conejos en el Huerto","215503","0","0","0","1","0","0","0","0","0","0","0","3","","","","","","135744977","5.5976","7.30231","2.1111","9469","260","thing","Conejos en el Huerto","2","4","40","40","20","2016","3,4","3","8+","No necessary in-game text","","","","","","standalone","","","","","","","","","","","","","","",""
"Cryptid","246784","0","0","0","1","0","0","0","0","0","0","0","3","","","","","","135745944","7.16276","7.427","2.2558","337","23278","thing","Cryptid","3","5","50","50","30","2018","3,4,5","4","10+","Moderate in-game text - needs crib sheet or paste ups","","","","","","standalone","","","","","","","","","","","","","","",""
"Dark Souls: The Card Game","242667","0","0","0","1","0","0","0","0","0","0","0","3","","","","","","135745620","5.8763","6.75905","2.4667","4035","3498","thing","Dark Souls: The Card Game","1","4","60","60","45","2018","1,2,3,4","2","12+","Moderate in-game text - needs crib sheet or paste ups","","","","","","standalone","","","","","","","","","","","","","","",""
"Deckscape: Test Time","218311","0","0","0","1","0","0","0","0","0","0","0","3","","","","","","135745291","6.08001","6.54772","1.5806","2736","4862","thing","Deckscape: Test Time","1","6","90","90","30","2017","1,2,3,4","2","10+","Extensive use of text - massive conversion needed to be playable","","","","","","standalone","","","","","","","","","","","","","","",""
"Deckscape: The Fate of London","230498","0","0","0","1","0","0","0","0","0","0","0","3","","","","","","135745292","5.81939","6.15265","1.9737","4551","4024","thing","Deckscape: The Fate of London","1","6","60","60","60","2017","1,2,3,4","2,3","12+","Extensive use of text - massive conversion needed to be playable","","","","","","standalone","","","","","","","","","","","","","","",""
"Dice Throne","268201","0","0","0","1","0","0","0","0","0","0","0","3","","","","","","135745632","6.62792","7.59694","2.1566","1036","4307","thing","Dice Throne","2","6","40","40","20","2018","2,4","2","8+","Moderate in-game text - needs crib sheet or paste ups","","","","","","standalone","","","","","","","","","","","","","","",""
"Dinosaur World","317457","0","0","0","1","0","0","0","0","0","0","0","3","","","","","","135744892","6.64756","7.31827","3.2642","1009","11400","thing","Dinosaur World","2","4","120","120","60","2021","1,2,3,4","3","12+","Moderate in-game text - needs crib sheet or paste ups","","","","","","standalone","","","","","","","","","","","","","","",""
"Dragon Slayer","158243","0","0","0","1","0","0","0","0","0","0","0","3","","","","","","135745532","5.51839","5.59156","1.1099","19700","3691","thing","Dragon Slayer","2","5","15","15","15","2014","2,3,4,5","3","6+","No necessary in-game text","","","","","","standalone","","","","","","","","","","","","","","",""
"Elder Sign","100423","0","0","0","1","0","0","0","0","0","0","0","3","","","","","","135744833","6.7764","6.96722","2.3432","787","44067","thing","Elder Sign","1","8","90","90","90","2011","1,2,3,4","4","12+","Some necessary text - easily memorized or small crib sheet","","","","","","standalone","","","","","","","","","","","","","","",""
"Elder Sign: Gates of Arkham","166679","0","0","0","1","0","0","0","0","0","0","0","3","","","","","","135744837","6.70408","7.77565","2.5789","0","10699","thing","Elder Sign: Gates of Arkham","1","8","90","90","90","2015","1,2,3,4","2,4","10+","Moderate in-game text - needs crib sheet or paste ups","","","","","","expansion","","","","","","","","","","","","","","",""
"Eldritch Horror","146021","0","0","0","1","0","0","0","0","0","0","0","3","","","","","","135744819","7.49141","7.74304","3.3169","138","60015","thing","Eldritch Horror","1","8","240","240","120","2013","1,2,3,4,5","4","14+","Extensive use of text - massive conversion needed to be playable","","","","","","standalone","","","","","","","","","","","","","","",""
"Encore!","206931","0","0","0","1","0","0","0","0","0","0","0","3","","","","","","135745175","6.49534","6.92811","1.1613","1333","12839","thing","Encore!","1","6","20","20","20","2016","1,2,3,4,5,6","2","8+","No necessary in-game text","","","","","","standalone","","","","","","","","","","","","","","",""
"Escape: The Curse of the Temple","113294","0","0","0","1","0","0","0","0","0","0","0","3","","","","","","135744737","6.75087","6.94992","1.4788","821","22163","thing","Escape: The Curse of the Temple","1","5","10","10","10","2012","1,2,3,4,5","4","8+","No necessary in-game text","","","","","","standalone","","","","","","","","","","","","","","",""
"Evergreen","363307","0","0","0","1","0","0","0","0","0","0","0","3","","","","","","135745080","6.73305","7.44685","2.1345","848","7019","thing","Evergreen","1","4","45","45","45","2022","1,2,3,4","2","10+","No necessary in-game text","","","","","","standalone","","","","","","","","","","","","","","",""
"EXIT: The Game – Dead Man on the Orient Express","226522","0","0","0","0","0","0","0","0","1","0","0","3","","","","","","117484849","6.91371","7.53491","2.6383","599","11128","thing","EXIT: The Game – Dead Man on the Orient Express","1","4","120","120","60","2017","1,2,3,4","2","12+","Unplayable in another language","","","","","","standalone","","","","","","","","","","","","","","",""
"EXIT: The Game – The Abandoned Cabin","203420","0","0","0","0","0","0","0","0","1","0","0","3","","","","","","117484855","7.07748","7.40423","2.5404","408","17740","thing","EXIT: The Game – The Abandoned Cabin","1","6","120","120","60","2016","1,2,3,4","2","12+","Unplayable in another language","","","","","","standalone","","","","","","","","","","","","","","",""
"EXIT: The Game – The Catacombs of Horror","255675","0","0","0","1","0","0","0","0","0","0","0","3","","","","","","117484890","6.31758","7.27814","2.7308","1791","4767","thing","EXIT: The Game – The Catacombs of Horror","1","4","240","240","120","2018","1,2,3,4","2","12+","Unplayable in another language","","","","","","standalone","","","","","","","","","","","","","","",""
"EXIT: The Game – The Cemetery of the Knight","295945","0","0","0","1","0","0","0","0","0","0","0","3","","","","","","117484872","6.05726","6.97256","2.8571","2854","3513","thing","EXIT: The Game – The Cemetery of the Knight","1","4","120","120","60","2020","1,2,3","2","12+","","","","","","","standalone","","","","","","","","","","","","","","",""
"EXIT: The Game – The Forbidden Castle","215840","0","0","0","1","0","0","0","0","0","0","0","3","","","","","","117484847","6.26944","6.77941","3.2188","1957","7703","thing","EXIT: The Game – The Forbidden Castle","1","4","90","90","45","2017","1,2,3,4","2","14+","Extensive use of text - massive conversion needed to be playable","","","","","","standalone","","","","","","","","","","","","","","",""
"EXIT: The Game – The Forgotten Island","215841","0","0","0","1","0","0","0","0","0","0","0","3","","","","","","117484879","6.34801","6.86572","2.625","1702","7727","thing","EXIT: The Game – The Forgotten Island","1","4","90","90","45","2017","1,2,3","2","12+","Unplayable in another language","","","","","","standalone","","","","","","","","","","","","","","",""
"EXIT: The Game – The Gate Between Worlds","317372","0","0","0","1","0","0","0","0","0","0","0","3","","","","","","135745245","6.08512","7.33105","2.7143","2709","2654","thing","EXIT: The Game – The Gate Between Worlds","1","4","120","120","60","2020","1,2,3","2","12+","Extensive use of text - massive conversion needed to be playable","","","","","","standalone","","","","","","","","","","","","","","",""
"EXIT: The Game – The Pharaoh's Tomb","203416","0","0","0","1","0","0","0","0","0","0","0","3","","","","","","135745243","6.72206","7.13041","2.7273","865","12685","thing","EXIT: The Game – The Pharaoh's Tomb","1","6","90","90","45","2016","1,2,3,4","2","12+","Unplayable in another language","","","","","","standalone","","","","","","","","","","","","","","",""
"EXIT: The Game – The Polar Station","215842","0","0","0","1","0","0","0","0","0","0","0","3","","","","","","117484882","6.3314","6.82787","2.6271","1754","7287","thing","EXIT: The Game – The Polar Station","1","4","90","90","45","2017","1,2,3,4","2","12+","Unplayable in another language","","","","","","standalone","","","","","","","","","","","","","","",""
"EXIT: The Game – The Return to the Abandoned Cabin","341583","0","0","0","1","0","0","0","0","0","0","0","3","","","","","","135745247","6.00184","7.59422","3.1","3152","1994","thing","EXIT: The Game – The Return to the Abandoned Cabin","1","4","90","90","45","2021","1,2,3","2","10+","Unplayable in another language","","","","","","standalone","","","","","","","","","","","","","","",""
"EXIT: The Game – The Secret Lab","203417","0","0","0","1","0","0","0","0","0","0","0","3","","","","","","117484884","6.66528","7.04317","2.5275","971","12702","thing","EXIT: The Game – The Secret Lab","1","6","150","150","45","2016","1,2,3,4","2","12+","Unplayable in another language","","","","","","standalone","","","","","","","","","","","","","","",""
"EXIT: The Game – The Sinister Mansion","226520","0","0","0","1","0","0","0","0","0","0","0","3","","","","","","117484852","6.43959","7.21454","2.5","1470","5926","thing","EXIT: The Game – The Sinister Mansion","1","4","90","90","45","2018","1,2,3","2","12+","Extensive use of text - massive conversion needed to be playable","","","","","","standalone","","","","","","","","","","","","","","",""
"EXIT: The Game – The Sunken Treasure","226518","0","0","0","1","0","0","0","0","0","0","0","3","","","","","","117484878","6.43229","7.02888","1.806","1491","7407","thing","EXIT: The Game – The Sunken Treasure","1","4","90","90","45","2017","1,2,3","2","10+","Unplayable in another language","","","","","","standalone","","","","","","","","","","","","","","",""
"EXIT: The Game – Theft on the Mississippi","283934","0","0","0","1","0","0","0","0","0","0","0","3","","","","","","117484876","6.15564","7.0585","2.7083","2385","3955","thing","EXIT: The Game – Theft on the Mississippi","1","4","90","90","45","2019","1,2,3,4","2","12+","Extensive use of text - massive conversion needed to be playable","","","","","","standalone","","","","","","","","","","","","","","",""
"EXIT: The Game + Puzzle – The Deserted Lighthouse","298282","0","0","0","1","0","0","0","0","0","0","0","3","","","","","","135745514","5.87787","6.91728","3.1","4019","2228","thing","EXIT: The Game + Puzzle – The Deserted Lighthouse","1","4","180","180","120","2020","1,2,3","2","12+","Unplayable in another language","","","","","","standalone","","","","","","","","","","","","","","",""
"Exploding Kittens","172225","0","0","0","1","0","0","0","0","0","0","0","3","","","","","","135745492","5.88699","6.06977","1.0808","3951","92380","thing","Exploding Kittens","2","5","15","15","15","2015","3,4,5","4,5","8+","Some necessary text - easily memorized or small crib sheet","","","","","","standalone","","","","","","","","","","","","","","",""
"¡Extinción!","300993","0","0","0","1","0","0","0","0","0","0","0","3","","","","","","135745540","5.77604","7.13946","1.3636","5051","1465","thing","¡Extinción!","2","6","15","15","15","2020","2,3,4,5,6","4","8+","No necessary in-game text","","","","","","standalone","","","","","","","","","","","","","","",""
"Fall of Rome","260428","0","0","0","1","0","0","0","0","0","0","0","3","","","","","","135745808","7.02733","7.59238","2.5029","465","13206","thing","Fall of Rome","1","5","60","60","45","2018","1,2,3,4,5","3","10+","Moderate in-game text - needs crib sheet or paste ups","","","","","","standalone","","","","","","","","","","","","","","",""
"Galaxy Trucker (Second Edition)","336794","0","0","0","1","0","0","0","0","0","0","0","3","","","","","","135745768","6.89241","7.41182","2.2656","622","15086","thing","Galaxy Trucker (Second Edition)","2","4","30","30","20","2021","2,3,4","3,4","8+","Some necessary text - easily memorized or small crib sheet","","","","","","standalone","","","","","","","","","","","","","","",""
"Galaxy Trucker: Keep on Trucking","360232","0","0","0","1","0","0","0","0","0","0","0","3","","","","","","135745771","5.82454","7.89158","2.7273","0","2717","thing","Galaxy Trucker: Keep on Trucking","2","4","60","60","30","2022","2,3,4","3,4","8+","Moderate in-game text - needs crib sheet or paste ups","","","","","","expansion","","","","","","","","","","","","","","",""
"Genial","9674","0","0","0","1","0","0","0","0","0","0","0","3","","","","","","144209825","6.88755","7.09498","1.9048","630","23609","thing","Ingenious","1","4","45","45","30","2024","2,3,4","2","8+","No necessary in-game text","","","","","","standalone","","","","","","","","","","","","Devir; KOSMOS","Catalan; Portuguese; Spanish","2024","Devir Iberian edition 2024"
"Ghost Blitz","83195","0","0","0","1","0","0","0","0","0","0","0","3","","","","","","144209836","6.43445","6.70741","1.1307","1485","19608","thing","Ghost Blitz","2","8","20","20","20","2010","2,3,4,5,6","4,5","5+","No necessary in-game text","","","","","","standalone","","","","","","","","","","","","","","",""
"Ghost Blitz 2","118705","0","0","0","1","0","0","0","0","0","0","0","3","","","","","","144209837","6.04361","6.73335","1.1765","2926","4217","thing","Ghost Blitz 2","2","8","30","30","30","2012","2,3,4,5,6,7,8","4,5","8+","No necessary in-game text","","","","","","standalone","","","","","","","","","","","","","","",""
"Hadara","269144","0","0","0","1","0","0","0","0","0","0","0","3","","","","","","135745377","6.93996","7.38221","2.2103","568","9641","thing","Hadara","2","5","60","60","45","2019","2,3,4,5","4,5","10+","No necessary in-game text","","","","","","standalone","","","","","","","","","","","","","","",""
"Happy Little Dinosaurs","325414","0","0","0","1","0","0","0","0","0","0","0","3","","","","","","135745604","5.82551","6.15324","1.4118","4492","14743","thing","Happy Little Dinosaurs","2","4","60","60","30","2021","3,4","4","8+","Extensive use of text - massive conversion needed to be playable","","","","","","standalone","","","","","","","","","","","","","","",""
"Happy Salmon","194626","0","0","0","1","0","0","0","0","0","0","0","3","","","","","","135745685","6.32513","6.64731","1.0593","1774","16936","thing","Happy Salmon","3","8","2","2","2","2016","4,5,6,7,8","5,6","5+","Some necessary text - easily memorized or small crib sheet","","","","","","standalone","","","","","","","","","","","","","","",""
"Hive","2655","0","0","0","0","0","0","0","0","0","0","0","3","","","","","","135745426","7.16846","7.31743","2.3133","333","57664","thing","Hive","2","2","20","20","20","2001","2","2","8+","No necessary in-game text","","","","","","standalone","","","","","","","","","","","","","","",""
"Hive Pocket","154597","0","0","0","1","0","0","0","0","0","0","0","3","","","","","","135745447","7.33875","7.68737","2.2094","0","36041","thing","Hive Pocket","2","2","20","20","20","2010","2","2","8+","No necessary in-game text","","","","","","standalone","","","","","","","","","","","","","","",""
"Imaginarium","218804","0","0","0","1","0","0","0","0","0","0","0","3","","","","","","135744924","6.25075","7.11976","2.8961","2015","4021","thing","Imaginarium","2","5","90","90","90","2018","2,3,4","3,4","12+","No necessary in-game text","","","","","","standalone","","","","","","","","","","","","","","",""
"Imperial Settlers: Empires of the North","270844","0","0","0","1","0","0","0","0","0","0","0","3","","","","","","135744852","6.91863","7.38004","2.8134","596","13854","thing","Imperial Settlers: Empires of the North","1","4","90","90","45","2019","1,2,3","2","10+","Extensive use of text - massive conversion needed to be playable","","","","","","standalone","","","","","","","","","","","","","","",""
"Jamaica","28023","0","0","0","1","0","0","0","0","0","0","0","3","","","","","","135745073","6.8766","7.06005","1.662","641","32791","thing","Jamaica","2","6","60","60","30","2007","3,4,5,6","5,6","8+","No necessary in-game text","","","","","","standalone","","","","","","","","","","","","","","",""
"Kitchen Rush","223953","0","0","0","1","0","0","0","0","0","0","0","3","","","","","","135745137","6.58202","7.20816","2.1935","1130","7115","thing","Kitchen Rush","1","4","45","45","30","2017","1,2,3,4","4","10+","Some necessary text - easily memorized or small crib sheet","","","","","","standalone","","","","","","","","","","","","","","",""
"Kodama: The Tree Spirits","181810","0","0","0","1","0","0","0","0","0","0","0","3","","","","","","135745209","6.30446","6.65265","1.6389","1834","12683","thing","Kodama: The Tree Spirits","2","5","30","30","30","2016","2,3,4,5","3","8+","Moderate in-game text - needs crib sheet or paste ups","","","","","","standalone","","","","","","","","","","","","","","",""
"Little Town","241266","0","0","0","1","0","0","0","0","0","0","0","3","","","","","","135745597","6.56105","7.14109","1.951","1177","8530","thing","Little Town","2","4","60","60","30","2017","2,3,4","3,4","8+","Some necessary text - easily memorized or small crib sheet","","","","","","standalone","","","","","","","","","","","","","","",""
"Lost Ruins of Arnak","312484","0","0","0","1","0","0","0","0","0","0","0","3","","","","","","135746000","7.9147","8.08229","2.9324","30","85387","thing","Lost Ruins of Arnak","1","4","120","120","30","2020","1,2,3,4","3","10+","Moderate in-game text - needs crib sheet or paste ups","","","","","","standalone","","","","","","","","","","","","","","",""
"Lunes","259393","0","0","0","1","0","0","0","0","0","0","0","3","","","","","","135745464","5.6421","7.34583","1.4286","7680","439","thing","Lunes","1","2","10","10","10","2018","1","1","8+","No necessary in-game text","","","","","","standalone","","","","","","","","","","","","","","",""
"Luxor","245643","0","0","0","1","0","0","0","0","0","0","0","3","","","","","","135744905","6.64156","7.19755","1.9079","1019","6746","thing","Luxor","2","4","45","45","45","2018","2,3,4","3,4","8+","No necessary in-game text","","","","","","standalone","","","","","","","","","","","","","","",""
"Marco Polo II: In the Service of the Khan","283948","0","0","0","1","0","0","0","0","0","0","0","3","","","","","","135745412","7.36137","7.9238","3.3763","205","10279","thing","Marco Polo II: In the Service of the Khan","2","4","120","120","60","2019","2,3,4","3","12+","No necessary in-game text","","","","","","standalone","","","","","","","","","","","","","","",""
"Mazescape XP: Cryo-C","363091","0","0","0","1","0","0","0","0","0","0","0","3","","","","","","135745186","5.53403","6.54833","2","15629","567","thing","Mazescape XP: Cryo-C","1","1","15","15","15","2022","1","1","8","No necessary in-game text","","","","","","standalone","","","","","","","","","","","","","","",""
"Mazescape: Ariadne","331652","0","0","0","1","0","0","0","0","0","0","0","3","","","","","","135745185","5.66965","6.53952","1.1667","6941","2181","thing","Mazescape: Ariadne","1","1","90","90","5","2021","1","1","8+","No necessary in-game text","","","","","","standalone","","","","","","","","","","","","","","",""
"Medical Mysteries: NYC Emergency Room","415036","0","0","0","1","0","0","0","0","0","0","0","3","","","","","","144209828","6.00357","7.58021","2.2381","3132","2743","thing","Medical Mysteries: NYC Emergency Room","1","4","60","60","30","2024","1,2,3","2","14+","Unplayable in another language","","","","","","standalone","","","","","","","","","","","","","","",""
"Mille Fiori","346501","0","0","0","1","0","0","0","0","0","0","0","3","","","","","","144209802","6.84109","7.41827","2.1655","700","9619","thing","Mille Fiori","2","4","90","90","60","2021","3,4","4","8+","No necessary in-game text","","","","","","standalone","","","","","","","","","","","","","","",""
"Munchkin","1927","0","0","0","1","0","0","0","0","0","0","0","3","","","","","","135745501","5.69268","5.87386","1.8171","6412","102453","thing","Munchkin","3","6","120","120","60","2001","3,4,5,6","4","10+","Extensive use of text - massive conversion needed to be playable","","","","","","standalone","","","","","","","","","","","","","","",""
"Munchkin 2: Unnatural Axe","3943","0","0","0","1","0","0","0","0","0","0","0","3","","","","","","135745502","6.08502","6.42614","1.7957","0","21186","thing","Munchkin 2: Unnatural Axe","3","6","90","90","90","2002","3,4,5,6","4,5","12+","Extensive use of text - massive conversion needed to be playable","","","","","","expansion","","","","","","","","","","","","","","",""
"Munchkin 3: Clerical Errors","6606","0","0","0","1","0","0","0","0","0","0","0","3","","","","","","135745504","6.05885","6.45394","1.8561","0","16004","thing","Munchkin 3: Clerical Errors","3","6","90","90","90","2003","3,4,5,6","4","12+","Extensive use of text - massive conversion needed to be playable","","","","","","expansion","","","","","","","","","","","","","","",""
"Near and Far","195421","0","0","0","1","0","0","0","0","0","0","0","3","","","","","","135744847","7.23108","7.64125","2.8943","276","23023","thing","Near and Far","2","4","120","120","90","2017","2,3,4","3","10+","Extensive use of text - massive conversion needed to be playable","","","","","","standalone","","","","","","","","","","","","","","",""
"Pandemic","30549","0","0","0","1","0","0","0","0","0","0","0","3","","","","","","135745804","7.40509","7.51459","2.3942","170","224861","thing","Pandemic","2","4","45","45","45","2008","1,2,3,4","4","10+","Some necessary text - easily memorized or small crib sheet","","","","","","standalone","","","","","","","","","","","","","","",""
"Pandemic: On the Brink","40849","0","0","0","1","0","0","0","0","0","0","0","3","","","","","","135745807","7.69206","8.02953","2.6536","0","53820","thing","Pandemic: On the Brink","2","5","45","45","45","2009","1,2,3,4,5","4","10+","Moderate in-game text - needs crib sheet or paste ups","","","","","","expansion","","","","","","","","","","","","","","",""
"Perplexus","72644","0","0","0","1","0","0","0","0","0","0","0","3","","","","","","135746074","5.72572","6.91885","1.5","5790","916","thing","Perplexus","1","1","30","30","30","2001","1","1","5+","No necessary in-game text","","","","","","standalone","","","","","","","","","","","","","","",""
"Potion Explosion","180974","0","0","0","1","0","0","0","0","0","0","0","3","","","","","","135745058","6.92348","7.12109","1.7788","592","33575","thing","Potion Explosion","2","4","45","45","30","2015","2,3,4","3","8+","No necessary in-game text","","","","","","standalone","","","","","","","","","","","","","","",""
"Quacks","244521","0","0","0","1","0","0","0","0","0","0","0","3","","","","","","135744912","7.66896","7.80568","1.9418","78","93150","thing","Quacks","2","4","45","45","45","2018","2,3,4","4","8+","Moderate in-game text - needs crib sheet or paste ups","","","","","","standalone","","","","","","","","","","","","","","",""
"The Quacks of Quedlinburg: The Herb Witches","269259","0","0","0","1","0","0","0","0","0","0","0","3","","","","","","135744921","7.36431","8.0023","2.0208","0","29096","thing","The Quacks of Quedlinburg: The Herb Witches","2","5","45","45","45","2019","2,3,4,5","3,4,5","8+","Moderate in-game text - needs crib sheet or paste ups","","","","","","expansion","","","","","","","","","","","","","","",""
"Quarto","681","0","0","0","1","0","0","0","0","0","0","0","3","","","","","","135746004","6.56544","6.89961","1.87","1165","15153","thing","Quarto","2","2","20","20","20","1991","2","2","8+","No necessary in-game text","","","","","","standalone","","","","","","","","","","","","","","",""
"Risk","181","0","0","0","1","0","0","0","0","0","0","0","3","","","","","","135745893","5.46998","5.6079","2.0614","29297","66951","thing","Risk","2","6","120","120","120","2016","3,4,5,6","4","8+","No necessary in-game text","","","","","","standalone","","","","","","","","","","","","Hasbro","English","2016","Hasbro English edition"
"Sagrada","199561","0","0","0","1","0","0","0","0","0","0","0","3","","","","","","135745065","7.32563","7.47009","1.9164","223","80086","thing","Sagrada","1","4","45","45","30","2017","1,2,3,4","2","8+","Some necessary text - easily memorized or small crib sheet","","","","","","standalone","","","","","","","","","","","","","","",""
"Sagrada: 5-6 Player Expansion","244262","0","0","0","1","0","0","0","0","0","0","0","3","","","","","","135745066","6.78047","7.69433","2.1111","0","17280","thing","Sagrada: 5-6 Player Expansion","5","6","40","40","20","2018","2,3,4,5,6","3","10+","Some necessary text - easily memorized or small crib sheet","","","","","","expansion","","","","","","","","","","","","","","",""
"Sand","402669","0","0","0","1","0","0","0","0","0","0","0","3","","","","","","135745939","5.82399","6.68505","3.3134","4511","2977","thing","Sand","1","4","120","120","120","2024","1,2,3,4","2","12+","No necessary in-game text","","","","","","standalone","","","","","","","","","","","","","","",""
"Santorini","194655","0","0","0","1","0","0","0","0","0","0","0","3","","","","","","135744768","7.19111","7.33313","1.722","308","65764","thing","Santorini","2","4","20","20","20","2016","2,3","2","6+","No necessary in-game text","","","","","","standalone","","","","","","","","","","","","","","",""
"Sea Salt & Paper","367220","0","0","0","1","0","0","0","0","0","0","0","3","","","","","","135745471","7.25778","7.5051","1.4768","259","46746","thing","Sea Salt & Paper","2","4","45","45","30","2022","2,3,4","2","8+","No necessary in-game text","","","","","","standalone","","","","","","","","","","","","","","",""
"Sherlock Holmes Detective Asesor: Los Crímenes del Támesis y otros casos","2511","0","0","0","1","0","0","0","0","0","0","0","3","","","","","","135745964","7.36366","7.60478","2.6647","199","44813","thing","Sherlock Holmes Consulting Detective: The Thames Murders & Other Cases","1","8","120","120","60","2018","1,2,3,4","2","14+","Unplayable in another language","","","","","","standalone","","","","","","","","","","","","Space Cowboys","Spanish","2018","Spanish edition"
"Sherlock: Last Call","250780","0","0","0","1","0","0","0","0","0","0","0","3","","","","","","135745310","5.93634","6.67856","1.5385","3567","2428","thing","Sherlock: Last Call","1","8","60","60","40","2018","2,3,4,5","2","12+","Extensive use of text - massive conversion needed to be playable","","","","","","standalone","","","","","","","","","","","","","","",""
"Shrimp","117992","0","0","0","1","0","0","0","0","0","0","0","3","","","","","","135745932","5.53234","5.8888","1","16007","646","thing","Shrimp","2","6","15","15","15","2012","2,3,4,5,6","4,5","5+","No necessary in-game text","","","","","","standalone","","","","","","","","","","","","","","",""
"Spirit Island","162886","0","0","0","1","0","0","0","0","0","0","0","3","","","","","","135744857","8.14236","8.34098","4.0762","11","96814","thing","Spirit Island","1","4","120","120","90","2017","1,2,3,4","2","14+","Extensive use of text - massive conversion needed to be playable","","","","","","standalone","","","","","","","","","","","","","","",""
"Spot it!","63268","0","0","0","1","0","0","0","0","0","0","0","3","","","","","","135745486","6.36103","6.52818","1.0378","1673","50132","thing","Spot it!","2","8","15","15","15","2009","2,3,4,5,6,7","4,5","4+","No necessary in-game text","","","","","","standalone","","","","","","","","","","","","","","",""
"Star Realms","147020","0","0","0","1","0","0","0","0","0","0","0","3","","","","","","135745687","7.40048","7.55222","1.9151","174","71147","thing","Star Realms","2","2","20","20","20","2014","2","2","8+","Some necessary text - easily memorized or small crib sheet","","","","","","standalone","","","","","","","","","","","","","","",""
"Star Realms: Colony Wars","182631","0","0","0","1","0","0","0","0","0","0","0","3","","","","","","135745688","7.25379","7.77998","1.879","260","19731","thing","Star Realms: Colony Wars","2","2","20","20","20","2015","2","2","8+","Moderate in-game text - needs crib sheet or paste ups","","","","","","standalone","","","","","","","","","","","","","","",""
"Summit: The Board Game","201186","0","0","0","1","0","0","0","0","0","0","0","3","","","","","","135745825","5.99135","7.07909","2.5","3208","2978","thing","Summit: The Board Game","1","6","180","180","40","2017","1,2,3,4,5,6","4,5","8+","Extensive use of text - massive conversion needed to be playable","","","","","","standalone","","","","","","","","","","","","","","",""
"Super Meat Boy: Rival Rush","260159","0","0","2","1","0","0","0","0","0","0","0","3","","","","","","135745525","0","0","2","0","32","thing","Super Meat Boy: Rival Rush","2","2","30","30","20","2018","","","","","","","","","","standalone","","","","","","","","","","","","","","",""
"Survive The Island","425428","0","0","0","1","0","0","0","0","0","0","0","3","","","","","","135744942","6.56996","7.44051","1.4868","1154","7759","thing","Survive The Island","2","5","45","45","45","2024","3,4,5","4","6+","Some necessary text - easily memorized or small crib sheet","","","","","","standalone","","","","","","","","","","","","","","",""
"Sushi Go Party!","192291","0","0","0","1","0","0","0","0","0","0","0","3","","","","","","135745938","7.21814","7.37375","1.3225","285","74768","thing","Sushi Go Party!","2","8","20","20","20","2016","2,3,4,5,6,7,8","4,5","8+","Some necessary text - easily memorized or small crib sheet","","","","","","standalone","","","","","","","","","","","","","","",""
"That's Pretty Clever!","244522","0","0","0","1","0","0","0","0","0","0","0","3","","","","","","135745172","7.36141","7.55127","1.8529","204","46358","thing","That's Pretty Clever!","1","4","30","30","30","2018","1,2,3,4","2","8+","No necessary in-game text","","","","","","standalone","","","","","","","","","","","","","","",""
"Ticket to Ride","9209","0","0","0","1","0","0","0","0","0","0","0","3","","","","","","144209789","7.2624","7.38603","1.8198","255","148074","thing","Ticket to Ride","2","5","60","60","30","2004","2,3,4,5","4","8+","No necessary in-game text","","","","","","standalone","","","","","","","","","","","","","","",""
"Twice as Clever!","269210","0","0","0","1","0","0","0","0","0","0","0","3","","","","","","135745174","7.03288","7.41566","2.2718","459","19433","thing","Twice as Clever!","1","4","30","30","30","2019","1,2,3,4","2","10+","No necessary in-game text","","","","","","standalone","","","","","","","","","","","","","","",""
"Twilight Struggle","12333","0","0","0","1","0","0","0","0","0","0","0","3","","","","","","135745776","8.041","8.22898","3.6148","14","73302","thing","Twilight Struggle","2","2","180","180","120","2005","2","2","14+","Extensive use of text - massive conversion needed to be playable","","","","","","standalone","","","","","","","","","","","","","","",""
"Unlock!: Epic Adventures","294612","0","0","0","0","0","0","0","0","1","0","0","3","","","","","","135745336","6.67479","7.65044","2.125","953","6639","thing","Unlock!: Epic Adventures","1","6","60","60","60","2019","1,2,3,4","2","10+","Unplayable in another language","","","","","","standalone","","","","","","","","","","","","","","",""
"Unlock!: Legendary Adventures","330084","0","0","0","0","0","0","0","0","1","0","0","3","","","","","","135745365","6.22834","7.47762","2.25","2106","3571","thing","Unlock!: Legendary Adventures","1","6","60","60","60","2021","1,2,3,4","2","12+","Unplayable in another language","","","","","","standalone","","","","","","","","","","","","","","",""
"Unlock!: Mythic Adventures","302425","0","0","0","0","0","0","0","0","1","0","0","3","","","","","","135745367","6.49033","7.65298","2.1818","1340","5210","thing","Unlock!: Mythic Adventures","1","6","60","60","60","2020","1,2,3,4","2","10+","Unplayable in another language","","","","","","standalone","","","","","","","","","","","","","","",""
"Unlock!: Secret Adventures","239307","0","0","0","0","0","0","0","0","1","0","0","3","","","","","","135745361","6.63878","7.49131","2.1277","1025","7075","thing","Unlock!: Secret Adventures","1","6","60","60","60","2017","1,2,3,4","2,3","10+","Moderate in-game text - needs crib sheet or paste ups","","","","","","standalone","","","","","","","","","","","","","","",""
"Unlock!: Short Adventures – In Pursuit of Cabrakan","257707","0","0","0","0","0","0","0","0","1","0","0","3","","","","","","135745130","5.81558","6.90498","2","4594","1887","thing","Unlock!: Short Adventures – In Pursuit of Cabrakan","1","6","30","30","30","2022","1,2,3","2","10+","Extensive use of text - massive conversion needed to be playable","","","","","","standalone","","","","","","","","","","","","","","",""
"Unlock!: Short Adventures – Red Mask","391995","0","0","0","0","0","0","0","0","1","0","0","3","","","","","","135745127","5.71874","7.32246","2.3333","5895","1159","thing","Unlock!: Short Adventures – Red Mask","1","6","60","60","30","2023","1,2,3","2","12+","Unplayable in another language","","","","","","standalone","","","","","","","","","","","","","","",""
"Unlock!: Short Adventures – Schrödinger's Cat","392193","0","0","0","0","0","0","0","0","1","0","0","3","","","","","","135745123","5.69782","6.72251","2","6297","1361","thing","Unlock!: Short Adventures – Schrödinger's Cat","1","6","60","60","30","2023","1,2,3","2","10+","Extensive use of text - massive conversion needed to be playable","","","","","","standalone","","","","","","","","","","","","","","",""
"Unlock!: Short Adventures – The Awakening of the Mummy","368037","0","0","0","0","0","0","0","0","1","0","0","3","","","","","","135745125","5.72455","6.69074","1.7","5800","1612","thing","Unlock!: Short Adventures – The Awakening of the Mummy","1","6","45","45","30","2022","1,2,3,4","2","10+","Unplayable in another language","","","","","","standalone","","","","","","","","","","","","","","",""
"Unlock!: Short Adventures – The Birmingham Murder","392192","0","0","0","0","0","0","0","0","1","0","0","3","","","","","","135745124","5.7621","7.21937","2","5240","1316","thing","Unlock!: Short Adventures – The Birmingham Murder","1","6","60","60","30","2023","1,2,3","2","12+","Extensive use of text - massive conversion needed to be playable","","","","","","standalone","","","","","","","","","","","","","","",""
"Unlock!: Short Adventures – The Flight of the Angel","368036","0","0","0","0","0","0","0","0","1","0","0","3","","","","","","135745129","5.8612","7.26489","1.9167","4161","1702","thing","Unlock!: Short Adventures – The Flight of the Angel","1","6","30","30","30","2022","1,2,3","2","10+","Unplayable in another language","","","","","","standalone","","","","","","","","","","","","","","",""
"Unlock!: Short Adventures – The Secrets of the Octopus","368035","0","0","0","0","0","0","0","0","1","0","0","3","","","","","","135745126","5.78986","7.06733","2.3","4891","1726","thing","Unlock!: Short Adventures – The Secrets of the Octopus","1","6","60","60","30","2022","1,2,3,4","2","10+","Extensive use of text - massive conversion needed to be playable","","","","","","standalone","","","","","","","","","","","","","","",""
"Unlock!: Supernatural Adventures","402373","0","0","0","0","0","0","0","0","1","0","0","3","","","","","","135745368","5.70425","6.55003","2.3","6164","1655","thing","Unlock!: Supernatural Adventures","1","6","60","60","30","2023","1,2,3,4","2","12+","Moderate in-game text - needs crib sheet or paste ups","","","","","","standalone","","","","","","","","","","","","","","",""
"Unlock!: Timeless Adventures","279613","0","0","0","0","0","0","0","0","1","0","0","3","","","","","","135745338","6.75692","7.71821","2.069","815","6681","thing","Unlock!: Timeless Adventures","1","6","90","90","60","2019","1,2,3","2","10+","Extensive use of text - massive conversion needed to be playable","","","","","","standalone","","","","","","","","","","","","","","",""
"Virus!","180020","0","0","0","1","0","0","0","0","0","0","0","3","","","","","","135745905","6.29664","6.71328","1.0556","1859","18380","thing","Virus!","2","6","20","20","20","2015","3,4,5","4","6+","No necessary in-game text","","","","","","standalone","","","","","","","","","","","","","","",""
"Virus! 2 Evolution","266667","0","0","0","1","0","0","0","0","0","0","0","3","","","","","","135745915","6.0791","6.98435","1.3571","0","7755","thing","Virus! 2 Evolution","2","6","20","20","20","2018","2,3,4,5,6","4","6+","No necessary in-game text","","","","","","expansion","","","","","","","","","","","","","","",""
"The Voyages of Marco Polo","171623","0","0","0","1","0","0","0","0","0","0","0","3","","","","","","135745411","7.54422","7.76504","3.1788","120","27896","thing","The Voyages of Marco Polo","2","4","100","100","40","2015","2,3,4","4","12+","No necessary in-game text","","","","","","standalone","","","","","","","","","","","","","","",""
"Wingspan","266192","0","0","0","1","0","0","0","0","0","0","0","3","","","","","","135744878","7.84875","8.0015","2.4802","38","178740","thing","Wingspan","1","5","70","70","40","2019","1,2,3,4","3","10+","Extensive use of text - massive conversion needed to be playable","","","","","","standalone","","","","","","","","","","","","","","",""
"YINSH","7854","0","0","0","1","0","0","0","0","0","0","0","3","","","","","","135744754","7.26051","7.70243","2.6278","258","13020","thing","YINSH","2","2","60","60","30","2003","2","2","8+","No necessary in-game text","","","","","","standalone","","","","","","","","","","","","","","",""
